label,stddev(distance)
POI4,4723.652308074848
POI1,56.58179970487318
POI3,40.980129021493276
