label,avg(distance)
POI4,898.1875448662944
POI1,26.096736061882098
POI3,38.84017392626257
